ID	Gold	Pred	Text
song1-01	anticipation	NULL	In the year of 2525
song1-02	fear	mixedEmo	If man is still alive
song1-03	fear	NULL	If woman can survive
song1-04	anticipation	NULL	They may find
song1-05	anticipation	NULL	In the year of 3535
song1-06	trust	mixedEmo	Can't tell the truth, can't tell no lie
song1-07	trust	NULL	Everything you think, do and say
song1-08	disgust	trust	Is in the pill you took today
song1-09	anticipation	NULL	In the year of 4545
song1-10	disgust	NULL	Won't need no teeth ,won't need your eyes
song1-11	disgust	NULL	Won't find a thing to do
song1-12	disgust	NULL	Nobody's gonna look at you
song1-13	anticipation	NULL	In the year of 5555
song1-14	disgust	mixedEmo	Your arms are hanging limp at your side
song1-15	disgust	NULL	Your legs have nothing to do
song1-16	disgust	NULL	Some machines doin' that for you
song1-17	anticipation	NULL	In the year of 6565
song1-18	disgust	NULL	Won't need no husband, won't need no wife
song1-19	disgust	NULL	You'll pick your sons, pick your daughters too
song1-20	disgust	mixedEmo	From the bottom of a long glass tube wouwo
song1-21	anticipation	NULL	In the year of 7510
song1-22	anticipation	mixedEmo	If god is commin' he should make it by then
song1-23	anticipation	NULL	Maybe he'll look around and say:
song1-24	fear	anticipation	Now it's time for the judgement day!
song1-25	anticipation	NULL	In the year of 8510
song1-26	trust	mixedEmo	God is gonna shake his mighty hand
song1-27	trust	mixedEmo	He'll leave a salient place where man has been
song1-28	trust	anticipation	Or tear it down and start again wouwo
song1-29	anticipation	NULL	In the year of 9595
song1-30	fear	mixedEmo	I'm wondering if man is gonna be alive
song1-31	anger	NULL	He's taken everything earth had to give
song1-32	anger	NULL	And he's put back nothing wouwo
song1-33	sadness	NULL	Now it's been 10.000 years man has cried a million tears
song1-34	sadness	NULL	For what he never knew now man's dream is through
song1-35	trust	NULL	But through eternal light the twinklin' of starlight
song1-36	sadness	NULL	So very faw away now it's night to yesterday
song2-01	anticipation	NULL	When I look into your eyes
song2-02	sadness	mixedEmo	I can see a love restrained
song2-03	anticipation	NULL	But darlin' when I hold you
song2-04	trust	NULL	Don't you know I feel the same
song2-05	trust	NULL	Cause nothin' lasts forever
song2-06	trust	fear	And we both know hearts can change
song2-07	sadness	NULL	And it's hard to hold a candle
song2-08	sadness	NULL	In the cold November rain
song2-09	sadness	anticipation	We've been through this such a long long time
song2-10	sadness	mixedEmo	Just tryin' to kill the pain
song2-11	sadness	NULL	But lovers always come and lovers always go
song2-12	fear	NULL	An no one's really sure who's lettin' go today
song2-13	fear	NULL	Walking away
song2-14	trust	anticipation	If we could take the time
song2-15	trust	NULL	to lay it on the line
song2-16	trust	NULL	I could rest my head
song2-17	trust	NULL	Just knowin' that you were mine
song2-18	trust	NULL	All mine
song2-19	anticipation	joy	So if you want to love me
song2-20	anticipation	NULL	then darlin' don't refrain
song2-21	anticipation	NULL	Or I'll just end up walkin'
song2-22	sadness	NULL	In the cold November rain
song2-23	sadness	anticipation	Do you need some time...on your own
song2-24	sadness	anticipation	Do you need some time...all alone
song2-25	trust	anticipation	Everybody needs some time...
song2-26	sadness	NULL	on their own
song2-27	sadness	anticipation	Don't you know you need some time...all alone
song2-28	sadness	NULL	I know it's hard to keep an open heart
song2-29	sadness	fear	When even friends seem out to harm you
song2-30	anticipation	mixedEmo	But if you could heal a broken heart
song2-31	anticipation	anticipation	Wouldn't time be out to charm you
song2-32	sadness	anticipation	Sometimes I need some time�
song2-33	sadness	NULL	on my own
song2-34	sadness	anticipation	Sometimes I need some time...all alone
song2-35	sadness	anticipation	Everybody needs some time...
song2-36	sadness	NULL	on their own
song2-37	sadness	anticipation	Don't you know you need some time...all alone
song2-38	anticipation	NULL	And when your fears subside
song2-39	sadness	NULL	And shadows still remain
song2-40	trust	joy	I know that you can love me
song2-41	anticipation	mixedEmo	When there's no one left to blame
song2-42	sadness	mixedEmo	So never mind the darkness
song2-43	trust	NULL	We still can find a way
song2-44	sadness	NULL	Cause nothin' lasts forever
song2-45	sadness	NULL	Even cold November rain
song2-46	trust	NULL	Don't ya think that you need somebody
song2-47	trust	NULL	Don't ya think that you need someone
song2-48	trust	NULL	Everybody needs somebody
song2-49	trust	NULL	You're not the only one
song2-50	trust	NULL	You're not the only one
song3-01	joy	NULL	My radio, believe me, I like it loud
song3-02	trust	NULL	I'm the man with a box that can rock the crowd
song3-03	joy	NULL	Walkin' down the street, to the hardcore beat
song3-04	joy	NULL	While my JVC vibrates the concrete
song3-05	trust	NULL	I'm sorry if you can't understand
song3-06	trust	NULL	But I need a radio inside my hand
song3-07	trust	mixedEmo	Don't mean to offend other citizens
song3-08	joy	anger	But I kick my volume way past 10
song3-09	sadness	sadness	My story is rough, my neighbourhood is tough
song3-10	trust	NULL	But I still sport gold, and I'm out to crush
song3-11	trust	mixedEmo	My name is Cool J, I devastate the show
song3-12	trust	NULL	But I couldn't survive without my radio
song3-13	trust	NULL	Terrorising my neighbours with the heavy bass
song3-14	trust	mixedEmo	I keep the suckas in fear by the look on my face
song3-15	trust	mixedEmo	My radio's bad from the Boulevard
song3-16	trust	NULL	I'm a hip-hop gangster and my name is Todd
song3-17	joy	NULL	Just stimulated by the beat, bust out the rhyme
song3-18	joy	NULL	Get fresh batteries if it won't rewind
song3-19	joy	NULL	Cos I play everyday, even on the subway
song3-20	trust	NULL	I woulda got a summons but I ran away
song3-21	trust	trust	I'm the leader of the show, keepin' you on the go
song3-22	trust	NULL	But I know I can't live without my radio
song3-23	trust	NULL	Suckas on my jock when I walk down the block
song3-24	trust	mixedEmo	I really don't care if you're jealous or not
song3-25	trust	mixedEmo	Cos I make the songs, you sing along
song3-26	trust	NULL	And your radio's def when my record's on
song3-27	joy	NULL	So get off the wall, become involved
song3-28	trust	NULL	All your radio problems have now been solved
song3-29	trust	mixedEmo	My treacherous beats make ya ears respond
song3-30	trust	fear	And my radio's loud like a fire alarm
song3-31	disgust	NULL	The floor vibrates, the walls cave in
song3-32	disgust	NULL	The bass makes my eardrums seem thin
song3-33	joy	NULL	Def sounds in my ride, yes the front and back
song3-34	joy	NULL	You would think it was a party, not a Cadillac
song3-35	trust	NULL	Cos I drive up to the ave, with the windows closed
song3-36	trust	NULL	And my bass is so loud, it could rip your clothes
song3-37	joy	mixedEmo	My stereo's thumpin' like a savage beast
song3-38	trust	trust	The level on my power meter will not decrease
song3-39	trust	mixedEmo	Suckas get mad, cos the girlies scream
song3-40	trust	NULL	And I'm still gettin' paid while you look at me mean
song3-41	trust	trust	I'm the leader of the show, keepin' you on the go
song3-42	trust	NULL	But I know I can't live without my radio
song3-43	trust	trust	I'm the leader of the show, keepin' you on the go
song3-44	trust	NULL	And I know I can't live without my radio
song3-45	anger	mixedEmo	Don't touch that dial, I'll be upset
song3-46	anger	NULL	Might go into a fit and rip off your neck
song3-47	anger	NULL	Cos the radio's thumpin' when I'm down to play
song3-48	trust	NULL	I'm the royal chief rocker LL Cool J
song3-49	joy	NULL	Let your big butt bounce from right to left
song3-50	trust	trust	Cos it's a actual fact this jam is def
song3-51	trust	NULL	Most definitely created by me
song3-52	trust	NULL	Goin' down in radio history
song3-53	trust	mixedEmo	I'm good to go on your radio
song3-54	trust	NULL	And I'm cold gettin' paid cos Rick said so
song3-55	joy	NULL	Make the woofers wallop and your tweeters twitch
song3-56	disgust	mixedEmo	Some jealous knuckleheads might try to dis
song3-57	trust	NULL	But it's nuthin', ya frontin', ya girl I am stuntin'
song3-58	trust	NULL	And my radio's loud enough to keep you gruntin'
song3-59	trust	NULL	My name is Cool J, I'm from the rock
song3-60	trust	NULL	Circulating through your radio non-stop
song3-61	trust	NULL	I'm lookin' at the wires behind the cassette
song3-62	trust	NULL	And now I'm on the right, standing on the eject
song3-63	trust	sadness	Wearin' light blue Pumas, a whole lotta gold
song3-64	trust	NULL	And jams like these keep me in control
song3-65	trust	trust	I'm the leader of the show, keepin' you on the go
song3-66	trust	NULL	And I know I can't live without my radio
song3-67	joy	trust	Your energy level starts to increase
song3-68	joy	NULL	As my big beat is slowly released
song3-69	joy	NULL	I'm on the radio and at the jam
song3-70	joy	NULL	LL Cool J is who I am
song3-71	joy	mixedEmo	Imma make ya dance, boogie down and rock
song3-72	joy	mixedEmo	And you'll scratch and shake to my musical plot
song3-73	trust	anticipation	And to expand my musical plan
song3-74	trust	NULL	Cut Creator, rock the beat with your hands
song3-75	trust	NULL	That's right, so don't try to front the move
song3-76	joy	NULL	As you become motivated by the funky groove
song3-77	joy	NULL	You can see me and Earl chillin' on the block
song3-78	joy	NULL	With my box cold kickin' with the gangster rock
song3-79	trust	mixedEmo	See people can't stop me, neither can the police
song3-80	trust	anger	I'm a musical maniac to say the least
song3-81	trust	NULL	For you and your radio I made this for
song3-82	trust	mixedEmo	Cool J's here to devastate once more
song3-83	trust	NULL	Pullin' all the girls, takin' out MCs
song3-84	trust	anger	If ya try to disrespect me, I just say Please!
song3-85	trust	NULL	Here to command the hip-hop land
song3-86	trust	NULL	Kick it live with a box inside my hand
song3-87	trust	trust	I'm the leader of the show, keepin' you on the go
song3-88	trust	NULL	But I know I can't live without my radio
song3-89	joy	NULL	Farmers Boulevard, yeah, you know that's where me and E hang out, cool
song3-90	joy	NULL	out, you know what I'm sayin' That's where the crib's at.
song4-01	sadness	NULL	We're talking away
song4-02	sadness	NULL	I don't know what
song4-03	sadness	NULL	I'm to say I'll say it anyway
song4-04	sadness	NULL	Today's another day to find you
song4-05	sadness	NULL	Shying away
song4-06	anticipation	mixedEmo	I'll be coming for your love, OK
song4-07	anticipation	NULL	Take on me, take me on
song4-08	anticipation	NULL	I'll be gone
song4-09	anticipation	NULL	In a day or two
song4-10	sadness	NULL	So needless to say
song4-11	sadness	NULL	I'm odds and ends
song4-12	sadness	NULL	But that's me stumbling away
song4-13	sadness	NULL	Slowly learning that life is OK.
song4-14	sadness	NULL	Say after me
song4-15	sadness	mixedEmo	It's no better to be safe than sorry
song4-16	anticipation	NULL	Take on me, take me on
song4-17	anticipation	NULL	I'll be gone
song4-18	anticipation	NULL	In a day or two
song4-19	anticipation	NULL	Oh the things that you say
song4-20	anticipation	NULL	Is it life or
song4-21	sadness	NULL	Just a play my worries away
song4-22	sadness	NULL	You're all the things I've got to
song4-23	sadness	NULL	remember
song4-24	sadness	NULL	You're shying away
song4-25	anticipation	anticipation	I'll be coming for you anyway
song4-26	anticipation	NULL	Take on me, take me on
song4-27	anticipation	NULL	I'll be gone
song4-28	anticipation	NULL	In a day or two
song5-01	sadness	NULL	I got my head checked
song5-02	sadness	NULL	By a jumbo jet
song5-03	sadness	NULL	It wasn't easy
song5-04	sadness	NULL	But nothing is, no
song5-05	joy	NULL	Whoo hoo!
song5-06	joy	NULL	Well I feel heavy metal
song5-07	joy	NULL	Whoo hoo!
song5-08	joy	NULL	And I'm pins and I'm needles
song5-09	joy	NULL	Whoo hoo!
song5-10	disgust	mixedEmo	Well I lie and I'm easy
song5-11	disgust	anticipation	All of the time and I'm never sure why I need you
song5-12	joy	NULL	Pleased to meet ya
song5-13	sadness	NULL	I got my head done
song5-14	sadness	mixedEmo	When I was young
song5-15	sadness	mixedEmo	It's not my problem
song5-16	sadness	mixedEmo	It's not my problem
song5-17	joy	NULL	Whoo hoo!
song5-18	joy	NULL	Well I feel heavy metal
song5-19	joy	NULL	Whoo hoo!
song5-20	joy	NULL	And I'm pins and I'm needles
song5-21	joy	NULL	Whoo hoo!
song5-22	disgust	mixedEmo	Well I lie and I'm easy
song5-23	disgust	anticipation	All of the time and I'm never sure why I need you
song5-24	joy	NULL	Pleased to meet ya
song5-25	joy	NULL	Yeah, yeah
song5-26	joy	NULL	Yeah, yeah
song5-27	joy	NULL	Yeah, yeah
song5-28	joy	NULL	Oh, yeah
song6-01	joy	sadness	Back in black
song6-02	joy	anger	I hit the sack
song6-03	joy	anticipation	I've been too long I'm glad to be back
song6-04	joy	NULL	Yes I'm, let loose
song6-05	joy	sadness	From the noose
song6-06	joy	mixedEmo	That's kept me hanging about
song6-07	joy	NULL	I keep looking at the sky
song6-08	joy	NULL	Cause it's gettin' me high
song6-09	trust	mixedEmo	Forget the herse 'cause I'll never die
song6-10	trust	NULL	I got nine lives
song6-11	trust	NULL	Cat's eyes
song6-12	joy	surprise	Usin' every one of them and running wild
song6-13	joy	NULL	Cause I'm back
song6-14	joy	NULL	Yes, I'm back
song6-15	joy	NULL	Well, I'm back
song6-16	joy	NULL	Yes, I'm back
song6-17	joy	NULL	Well, I'm back, back
song6-18	joy	sadness	(Well) I'm back in black
song6-19	joy	sadness	Yes, I'm back in black
song6-20	joy	NULL	Back in the back
song6-21	joy	NULL	Of a Cadillac
song6-22	trust	NULL	Number one with a bullet, I'm a power pack
song6-23	joy	mixedEmo	Yes, I'm in a bang
song6-24	joy	mixedEmo	With a gang
song6-25	trust	surprise	They've got to catch me if they want me to hang
song6-26	trust	anticipation	Cause I'm back on the track
song6-27	trust	NULL	And I'm leadin' the pack
song6-28	trust	NULL	Nobody's gonna get me on another rap
song6-29	trust	NULL	So look at me now
song6-30	trust	NULL	I'm just makin' my play
song6-31	trust	mixedEmo	Don't try to push your luck, just get out of my way
song6-32	joy	NULL	Cause I'm back
song6-33	joy	NULL	Yes, I'm back
song6-34	joy	NULL	Well, I'm back
song6-35	joy	NULL	Yes, I'm back
song6-36	joy	NULL	Well, I'm back, back
song6-37	joy	sadness	(Well) I'm back in black
song6-38	joy	sadness	Yes, I'm back in black
song6-39	joy	NULL	Well, I'm back, Yes I'm back
song6-40	joy	NULL	Well, I'm back, Yes I'm back
song6-41	joy	NULL	Well, I'm back, back
song6-42	joy	sadness	Well I'm back in black
song6-43	joy	sadness	Yes I'm back in black
song6-44	joy	NULL	Hooo yeah
song6-45	joy	NULL	Ohh yeah
song6-46	joy	NULL	Yes I am
song6-47	joy	NULL	Oooh yeah, yeah Oh yeah
song6-48	joy	NULL	Back in now
song6-49	joy	NULL	Well I'm back, I'm back
song6-50	joy	NULL	Back, I'm back
song6-51	joy	NULL	Back, I'm back
song6-52	joy	NULL	Back, I'm back
song6-53	joy	NULL	Back, I'm back
song6-54	joy	NULL	Back
song6-55	joy	sadness	Back in black
song6-56	joy	sadness	Yes I'm back in black
song6-57	joy	NULL	Outta sight
song7-01	surprise	NULL	She Was More Like A Beauty Queen From A Movie Scene
song7-02	surprise	NULL	I Said Don't Mind, But What Do You Mean I Am The One
song7-03	surprise	NULL	Who Will Dance On The Floor In The Round
song7-04	surprise	NULL	She Said I Am The One Who Will Dance On The Floor In The Round
song7-05	surprise	NULL	She Told Me Her Name Was Billie Jean, As She Caused A Scene
song7-06	surprise	NULL	Then Every Head Turned With Eyes That Dreamed Of Being The One
song7-07	surprise	NULL	Who Will Dance On The Floor In The Round
song7-08	fear	NULL	People Always Told Me Be Careful Of What You Do
song7-09	fear	NULL	And Don't Go Around Breaking Young Girls' Hearts
song7-10	fear	NULL	And Mother Always Told Me Be Careful Of Who You Love
song7-11	fear	NULL	And Be Careful Of What You Do 'Cause The Lie Becomes The Truth
song7-12	anger	NULL	Billie Jean Is Not My Lover
song7-13	anger	NULL	She's Just A Girl Who Claims That I Am The One
song7-14	anger	NULL	But The Kid Is Not My Son
song7-15	anger	NULL	She Says I Am The One, But The Kid Is Not My Son
song7-16	anger	NULL	For Forty Days And Forty Nights
song7-17	anger	NULL	The Law Was On Her Side
song7-18	anger	NULL	But Who Can Stand When She's In Demand
song7-19	anger	NULL	Her Schemes And Plans
song7-20	joy	NULL	Cause We Danced On The Floor In The Round
song7-21	fear	NULL	So Take My Strong Advice, Just Remember To Always Think Twice
song7-22	fear	NULL	(Do Think Twice)
song7-23	fear	NULL	She Told My Baby That's A Threat
song7-24	fear	NULL	As She Looked At Me
song7-25	fear	NULL	Then Showed A Photo Of A Baby Cries
song7-26	surprise	NULL	Eyes Would Like Mine
song7-27	surprise	NULL	Go On Dance On The Floor In The Round, Baby
song7-28	fear	NULL	People Always Told Me Be Careful Of What You Do
song7-29	fear	NULL	And Don't Go Around Breaking Young Girls' Hearts
song7-30	joy	NULL	She Came And Stood Right By Me
song7-31	joy	NULL	Then The Smell Of Sweet Perfume
song7-32	surprise	NULL	This Happened Much Too Soon
song7-33	surprise	NULL	She Called Me To Her Room
song7-34	anger	NULL	Billie Jean Is Not My Lover
song7-35	anger	NULL	She's Just A Girl Who Claims That I Am The One
song7-36	anger	NULL	But The Kid Is Not My Son
song7-37	anger	NULL	Billie Jean Is Not My Lover
song7-38	anger	NULL	She's Just A Girl Who Claims That I Am The One
song7-39	anger	NULL	But The Kid Is Not My Son
song7-40	anger	NULL	She Says I Am The One, But The Kid Is Not My Son
song7-41	anger	NULL	She Says I Am The One, But The Kid Is Not My Son
song7-42	anger	NULL	Billie Jean Is Not My Lover
song7-43	anger	NULL	She's Just A Girl Who Claims That I Am The One
song7-44	anger	NULL	But The Kid Is Not My Son
song7-45	anger	NULL	She Says I Am The One, But The Kid Is Not My Son
song7-46	anger	NULL	She Says I Am The One, She Says He Is My Son
song7-47	anger	NULL	She Says I Am The One
song7-48	anger	NULL	Billie Jean Is Not My Lover
song7-49	anger	NULL	Billie Jean Is Not My Lover
song7-50	anger	NULL	Billie Jean Is Not My Lover
song7-51	anger	NULL	Billie Jean Is Not My Lover
song7-52	anger	NULL	Billie Jean Is Not My Lover
song7-53	anger	NULL	Billie Jean Is Not My Lover
song8-01	NULL	NULL	Aah
song8-02	disgust	disgust	Buddy you're a boy make a big noise
song8-03	disgust	NULL	Playin' in the street gonna be a big man some day
song8-04	disgust	NULL	You got mud on yo' face
song8-05	disgust	mixedEmo	You big disgrace
song8-06	disgust	NULL	Kickin' your can all over the place
song8-07	joy	NULL	Singin'
song8-08	joy	NULL	We will we will rock you
song8-09	joy	NULL	We will we will rock you
song8-10	disgust	mixedEmo	Buddy you're a young man hard man
song8-11	disgust	NULL	Shouting in the street gonna take on the world some day
song8-12	disgust	NULL	You got blood on yo' face
song8-13	disgust	mixedEmo	You big disgrace
song8-14	disgust	NULL	Wavin' your banner all over the place
song8-15	joy	NULL	We will we will rock you
song8-16	joy	NULL	Sing it
song8-17	joy	NULL	We will we will rock you
song8-18	disgust	NULL	Buddy you're an old man poor man
song8-19	disgust	NULL	Pleadin' with your eyes gonna make
song8-20	disgust	mixedEmo	You some peace some day
song8-21	disgust	NULL	You got mud on your face
song8-22	disgust	mixedEmo	Big disgrace
song8-23	disgust	NULL	Somebody betta put you back into your place
song8-24	joy	NULL	We will we will rock you
song8-25	joy	NULL	Sing it
song8-26	joy	NULL	We will we will rock you
song8-27	NULL	NULL	Everybody
song8-28	joy	NULL	We will we will rock you
song8-29	joy	NULL	We will we will rock you
song8-30	NULL	NULL	Alright
song9-01	joy	mixedEmo	She's got a smile that it seems to me
song9-02	joy	joy	Reminds me of childhood memories
song9-03	joy	NULL	Where everything
song9-04	joy	sadness	Was as fresh as the bright blue sky
song9-05	joy	NULL	Now and then when I see her face
song9-06	joy	NULL	She takes me away to that
song9-07	joy	joy	special place
song9-08	sadness	anticipation	And if I stared too long
song9-09	sadness	mixedEmo	I'd probably break down and cry
song9-10	joy	mixedEmo	Sweet child o' mine
song9-11	joy	joy	Sweet love of mine
song9-12	joy	NULL	She's got eyes of the bluest skies
song9-13	sadness	anticipation	As if they thought of rain
song9-14	sadness	mixedEmo	I hate to look into those eyes
song9-15	sadness	mixedEmo	And see an ounce of pain
song9-16	joy	NULL	Her hair reminds me
song9-17	joy	mixedEmo	of a warm safe place
song9-18	sadness	mixedEmo	Where as a child I'd hide
song9-19	sadness	mixedEmo	And pray for the thunder
song9-20	sadness	NULL	And the rain
song9-21	sadness	NULL	To quietly pass me by
song9-22	joy	mixedEmo	Sweet child o' mine
song9-23	joy	joy	Sweet love of mine
song9-24	anticipation	NULL	Where do we go
song9-25	anticipation	NULL	Where do we go now
song9-26	anticipation	NULL	Where do we go
song9-27	joy	mixedEmo	Sweet child o' mine
song10-01	NULL	NULL	YOU
song10-02	NULL	NULL	YOU HAVE
song10-03	NULL	NULL	YOU GOT ME
song10-04	NULL	NULL	YOU ASKED ME
song10-05	disgust	NULL	YOU ASKED ME AND I DID NOT SAY ANYTHING
song10-06	disgust	NULL	WILL YOU UNTIL DEATH DO YOU PART
song10-07	disgust	NULL	BE FAITHFUL TO HER FOR ALL DAYS
song10-08	disgust	NULL	NO
song10-09	disgust	NULL	DO YOU WANT, UNTIL DEATH SEPARATES YOU
song10-10	disgust	NULL	THEY LOVE EVEN IN BAD DAYS
song10-11	disgust	NULL	NO
