ID	Gold	Pred	Text
song1-01	positive	neutral	In the year of 2525
song1-02	negative	positive	If man is still alive
song1-03	negative	positive	If woman can survive
song1-04	positive	neutral	They may find
song1-05	positive	neutral	In the year of 3535
song1-06	positive	neutral	Can't tell the truth, can't tell no lie
song1-07	positive	neutral	Everything you think, do and say
song1-08	negative	positive	Is in the pill you took today
song1-09	positive	neutral	In the year of 4545
song1-10	negative	neutral	Won't need no teeth ,won't need your eyes
song1-11	negative	neutral	Won't find a thing to do
song1-12	negative	neutral	Nobody's gonna look at you
song1-13	positive	neutral	In the year of 5555
song1-14	negative	negative	Your arms are hanging limp at your side
song1-15	negative	neutral	Your legs have nothing to do
song1-16	negative	neutral	Some machines doin' that for you
song1-17	positive	neutral	In the year of 6565
song1-18	negative	neutral	Won't need no husband, won't need no wife
song1-19	negative	positive	You'll pick your sons, pick your daughters too
song1-20	negative	negative	From the bottom of a long glass tube wouwo
song1-21	positive	neutral	In the year of 7510
song1-22	positive	positive	If god is commin' he should make it by then
song1-23	positive	neutral	Maybe he'll look around and say:
song1-24	negative	neutral	Now it's time for the judgement day!
song1-25	positive	neutral	In the year of 8510
song1-26	positive	positive	God is gonna shake his mighty hand
song1-27	positive	neutral	He'll leave a salient place where man has been
song1-28	positive	neutral	Or tear it down and start again wouwo
song1-29	positive	neutral	In the year of 9595
song1-30	negative	positive	I'm wondering if man is gonna be alive
song1-31	negative	neutral	He's taken everything earth had to give
song1-32	negative	neutral	And he's put back nothing wouwo
song1-33	negative	negative	Now it's been 10.000 years man has cried a million tears
song1-34	negative	neutral	For what he never knew now man's dream is through
song1-35	positive	positive	But through eternal light the twinklin' of starlight
song1-36	negative	neutral	So very far away now it's night to yesterday
song2-01	positive	neutral	When I look into your eyes
song2-02	negative	neutral	I can see a love restrained
song2-03	positive	neutral	But darlin' when I hold you
song2-04	positive	neutral	Don't you know I feel the same
song2-05	positive	neutral	Cause nothin' lasts forever
song2-06	positive	neutral	And we both know hearts can change
song2-07	negative	neutral	And it's hard to hold a candle
song2-08	negative	negative	In the cold November rain
song2-09	negative	neutral	We've been through this such a long long time
song2-10	negative	negative	Just tryin' to kill the pain
song2-11	negative	positive	But lovers always come and lovers always go
song2-12	negative	neutral	An no one's really sure who's lettin' go today
song2-13	negative	neutral	Walking away
song2-14	positive	neutral	If we could take the time
song2-15	positive	neutral	to lay it on the line
song2-16	positive	positive	I could rest my head
song2-17	positive	neutral	Just knowin' that you were mine
song2-18	positive	neutral	All mine
song2-19	positive	positive	So if you want to love me
song2-20	positive	neutral	then darlin' don't refrain
song2-21	positive	neutral	Or I'll just end up walkin'
song2-22	negative	negative	In the cold November rain
song2-23	negative	neutral	Do you need some time...on your own
song2-24	negative	neutral	Do you need some time...all alone
song2-25	positive	neutral	Everybody needs some time...
song2-26	negative	neutral	on their own
song2-27	negative	neutral	Don't you know you need some time...all alone
song2-28	negative	neutral	I know it's hard to keep an open heart
song2-29	negative	neutral	When even friends seem out to harm you
song2-30	positive	neutral	But if you could heal a broken heart
song2-31	positive	positive	Wouldn't time be out to charm you
song2-32	negative	neutral	Sometimes I need some time�
song2-33	negative	neutral	on my own
song2-34	negative	neutral	Sometimes I need some time...all alone
song2-35	negative	neutral	Everybody needs some time...
song2-36	negative	neutral	on their own
song2-37	negative	neutral	Don't you know you need some time...all alone
song2-38	positive	negative	And when your fears subside
song2-39	negative	neutral	And shadows still remain
song2-40	positive	positive	I know that you can love me
song2-41	positive	negative	When there's no one left to blame
song2-42	negative	negative	So never mind the darkness
song2-43	positive	neutral	We still can find a way
song2-44	negative	neutral	Cause nothin' lasts forever
song2-45	negative	negative	Even cold November rain
song2-46	positive	neutral	Don't ya think that you need somebody
song2-47	positive	neutral	Don't ya think that you need someone
song2-48	positive	neutral	Everybody needs somebody
song2-49	positive	neutral	You're not the only one
song2-50	positive	neutral	You're not the only one
song3-01	positive	positive	My radio, believe me, I like it loud
song3-02	positive	positive	I'm the man with a box that can rock the crowd
song3-03	positive	neutral	Walkin' down the street, to the hardcore beat
song3-04	positive	neutral	While my JVC vibrates the concrete
song3-05	positive	neutral	I'm sorry if you can't understand
song3-06	positive	positive	But I need a radio inside my hand
song3-07	positive	neutral	Don't mean to offend other citizens
song3-08	positive	negative	But I kick my volume way past 10
song3-09	negative	negative	My story is rough, my neighbourhood is tough
song3-10	positive	positive	But I still sport gold, and I'm out to crush
song3-11	positive	negative	My name is Cool J, I devastate the show
song3-12	positive	positive	But I couldn't survive without my radio
song3-13	positive	neutral	Terrorising my neighbours with the heavy bass
song3-14	positive	negative	I keep the suckas in fear by the look on my face
song3-15	positive	neutral	My radio's bad from the Boulevard
song3-16	positive	neutral	I'm a hip-hop gangster and my name is Todd
song3-17	positive	neutral	Just stimulated by the beat, bust out the rhyme
song3-18	positive	negative	Get fresh batteries if it won't rewind
song3-19	positive	neutral	Cos I play everyday, even on the subway
song3-20	positive	neutral	I woulda got a summons but I ran away
song3-21	positive	positive	I'm the leader of the show, keepin' you on the go
song3-22	positive	positive	But I know I can't live without my radio
song3-23	positive	neutral	Suckas on my jock when I walk down the block
song3-24	positive	negative	I really don't care if you're jealous or not
song3-25	positive	positive	Cos I make the songs, you sing along
song3-26	positive	positive	And your radio's def when my record's on
song3-27	positive	neutral	So get off the wall, become involved
song3-28	positive	neutral	All your radio problems have now been solved
song3-29	positive	negative	My treacherous beats make ya ears respond
song3-30	positive	neutral	And my radio's loud like a fire alarm
song3-31	negative	neutral	The floor vibrates, the walls cave in
song3-32	negative	neutral	The bass makes my eardrums seem thin
song3-33	positive	neutral	Def sounds in my ride, yes the front and back
song3-34	positive	neutral	You would think it was a party, not a Cadillac
song3-35	positive	neutral	Cos I drive up to the ave, with the windows closed
song3-36	positive	positive	And my bass is so loud, it could rip your clothes
song3-37	positive	negative	My stereo's thumpin' like a savage beast
song3-38	positive	neutral	The level on my power meter will not decrease
song3-39	positive	negative	Suckas get mad, cos the girlies scream
song3-40	positive	positive	And I'm still gettin' paid while you look at me mean
song3-41	positive	positive	I'm the leader of the show, keepin' you on the go
song3-42	positive	positive	But I know I can't live without my radio
song3-43	positive	positive	I'm the leader of the show, keepin' you on the go
song3-44	positive	positive	And I know I can't live without my radio
song3-45	negative	negative	Don't touch that dial, I'll be upset
song3-46	negative	neutral	Might go into a fit and rip off your neck
song3-47	negative	positive	Cos the radio's thumpin' when I'm down to play
song3-48	positive	neutral	I'm the royal chief rocker LL Cool J
song3-49	positive	negative	Let your big butt bounce from right to left
song3-50	positive	positive	Cos it's a actual fact this jam is def
song3-51	positive	positive	Most definitely created by me
song3-52	positive	positive	Goin' down in radio history
song3-53	positive	positive	I'm good to go on your radio
song3-54	positive	neutral	And I'm cold gettin' paid cos Rick said so
song3-55	positive	negative	Make the woofers wallop and your tweeters twitch
song3-56	negative	negative	Some jealous knuckleheads might try to dis
song3-57	positive	neutral	But it's nuthin', ya frontin', ya girl I am stuntin'
song3-58	positive	positive	And my radio's loud enough to keep you gruntin'
song3-59	positive	positive	My name is Cool J, I'm from the rock
song3-60	positive	positive	Circulating through your radio non-stop
song3-61	positive	neutral	I'm lookin' at the wires behind the cassette
song3-62	positive	negative	And now I'm on the right, standing on the eject
song3-63	positive	positive	Wearin' light blue Pumas, a whole lotta gold
song3-64	positive	positive	And jams like these keep me in control
song3-65	positive	positive	I'm the leader of the show, keepin' you on the go
song3-66	positive	positive	And I know I can't live without my radio
song3-67	positive	positive	Your energy level starts to increase
song3-68	positive	neutral	As my big beat is slowly released
song3-69	positive	positive	I'm on the radio and at the jam
song3-70	positive	neutral	LL Cool J is who I am
song3-71	positive	positive	Imma make ya dance, boogie down and rock
song3-72	positive	positive	And you'll scratch and shake to my musical plot
song3-73	positive	positive	And to expand my musical plan
song3-74	positive	positive	Cut Creator, rock the beat with your hands
song3-75	positive	neutral	That's right, so don't try to front the move
song3-76	positive	neutral	As you become motivated by the funky groove
song3-77	positive	neutral	You can see me and Earl chillin' on the block
song3-78	positive	neutral	With my box cold kickin' with the gangster rock
song3-79	positive	positive	See people can't stop me, neither can the police
song3-80	positive	neutral	I'm a musical maniac to say the least
song3-81	positive	positive	For you and your radio I made this for
song3-82	positive	negative	Cool J's here to devastate once more
song3-83	positive	neutral	Pullin' all the girls, takin' out MCs
song3-84	positive	negative	If ya try to disrespect me, I just say Please!
song3-85	positive	positive	Here to command the hip-hop land
song3-86	positive	negative	Kick it live with a box inside my hand
song3-87	positive	positive	I'm the leader of the show, keepin' you on the go
song3-88	positive	positive	But I know I can't live without my radio
song3-89	positive	positive	Farmers Boulevard, yeah, you know that's where me and E hang out, cool
song3-90	positive	neutral	out, you know what I'm sayin' That's where the crib's at.
song4-01	negative	positive	We're talking away
song4-02	negative	neutral	I don't know what
song4-03	negative	neutral	I'm to say I'll say it anyway
song4-04	negative	neutral	Today's another day to find you
song4-05	negative	neutral	Shying away
song4-06	positive	positive	I'll be coming for your love, OK
song4-07	positive	neutral	Take on me, take me on
song4-08	positive	neutral	I'll be gone
song4-09	positive	neutral	In a day or two
song4-10	negative	neutral	So needless to say
song4-11	negative	neutral	I'm odds and ends
song4-12	negative	negative	But that's me stumbling away
song4-13	negative	positive	Slowly learning that life is OK.
song4-14	negative	neutral	Say after me
song4-15	negative	positive	It's no better to be safe than sorry
song4-16	positive	neutral	Take on me, take me on
song4-17	positive	neutral	I'll be gone
song4-18	positive	neutral	In a day or two
song4-19	positive	neutral	Oh the things that you say
song4-20	positive	neutral	Is it life or
song4-21	negative	negative	Just a play my worries away
song4-22	negative	neutral	You're all the things I've got to
song4-23	negative	neutral	remember
song4-24	negative	neutral	You're shying away
song4-25	positive	neutral	I'll be coming for you anyway
song4-26	positive	neutral	Take on me, take me on
song4-27	positive	neutral	I'll be gone
song4-28	positive	neutral	In a day or two
song5-01	negative	neutral	I got my head checked
song5-02	negative	neutral	By a jumbo jet
song5-03	negative	neutral	It wasn't easy
song5-04	negative	neutral	But nothing is, no
song5-05	positive	neutral	Whoo hoo!
song5-06	positive	neutral	Well I feel heavy metal
song5-07	positive	neutral	Whoo hoo!
song5-08	positive	positive	And I'm pins and I'm needles
song5-09	positive	neutral	Whoo hoo!
song5-10	negative	negative	Well I lie and I'm easy
song5-11	negative	neutral	All of the time and I'm never sure why I need you
song5-12	positive	positive	Pleased to meet ya
song5-13	negative	neutral	I got my head done
song5-14	negative	positive	When I was young
song5-15	negative	negative	It's not my problem
song5-16	negative	negative	It's not my problem
song5-17	positive	neutral	Whoo hoo!
song5-18	positive	neutral	Well I feel heavy metal
song5-19	positive	neutral	Whoo hoo!
song5-20	positive	positive	And I'm pins and I'm needles
song5-21	positive	neutral	Whoo hoo!
song5-22	negative	negative	Well I lie and I'm easy
song5-23	negative	neutral	All of the time and I'm never sure why I need you
song5-24	positive	positive	Pleased to meet ya
song5-25	positive	neutral	Yeah, yeah
song5-26	positive	neutral	Yeah, yeah
song5-27	positive	neutral	Yeah, yeah
song5-28	positive	neutral	Oh, yeah
song6-01	positive	negative	Back in black
song6-02	positive	negative	I hit the sack
song6-03	positive	positive	I've been too long I'm glad to be back
song6-04	positive	neutral	Yes I'm, let loose
song6-05	positive	negative	From the noose
song6-06	positive	neutral	That's kept me hanging about
song6-07	positive	positive	I keep looking at the sky
song6-08	positive	neutral	Cause it's gettin' me high
song6-09	positive	negative	Forget the hearse 'cause I'll never die
song6-10	positive	neutral	I got nine lives
song6-11	positive	neutral	Cat's eyes
song6-12	positive	negative	Usin' every one of them and running wild
song6-13	positive	neutral	Cause I'm back
song6-14	positive	neutral	Yes, I'm back
song6-15	positive	neutral	Well, I'm back
song6-16	positive	neutral	Yes, I'm back
song6-17	positive	neutral	Well, I'm back, back
song6-18	positive	negative	(Well) I'm back in black
song6-19	positive	negative	Yes, I'm back in black
song6-20	positive	neutral	Back in the back
song6-21	positive	neutral	Of a Cadillac
song6-22	positive	neutral	Number one with a bullet, I'm a power pack
song6-23	positive	negative	Yes, I'm in a bang
song6-24	positive	negative	With a gang
song6-25	positive	neutral	They've got to catch me if they want me to hang
song6-26	positive	neutral	Cause I'm back on the track
song6-27	positive	neutral	And I'm leadin' the pack
song6-28	positive	neutral	Nobody's gonna get me on another rap
song6-29	positive	neutral	So look at me now
song6-30	positive	neutral	I'm just makin' my play
song6-31	positive	positive	Don't try to push your luck, just get out of my way
song6-32	positive	neutral	Cause I'm back
song6-33	positive	neutral	Yes, I'm back
song6-34	positive	neutral	Well, I'm back
song6-35	positive	neutral	Yes, I'm back
song6-36	positive	neutral	Well, I'm back, back
song6-37	positive	negative	(Well) I'm back in black
song6-38	positive	negative	Yes, I'm back in black
song6-39	positive	neutral	Well, I'm back, Yes I'm back
song6-40	positive	neutral	Well, I'm back, Yes I'm back
song6-41	positive	neutral	Well, I'm back, back
song6-42	positive	negative	Well I'm back in black
song6-43	positive	negative	Yes I'm back in black
song6-44	positive	neutral	Hooo yeah
song6-45	positive	neutral	Ohh yeah
song6-46	positive	neutral	Yes I am
song6-47	positive	neutral	Oooh yeah, yeah Oh yeah
song6-48	positive	neutral	Back in now
song6-49	positive	neutral	Well I'm back, I'm back
song6-50	positive	neutral	Back, I'm back
song6-51	positive	neutral	Back, I'm back
song6-52	positive	neutral	Back, I'm back
song6-53	positive	neutral	Back, I'm back
song6-54	positive	neutral	Back
song6-55	positive	negative	Back in black
song6-56	positive	negative	Yes I'm back in black
song6-57	positive	neutral	Outta sight
song7-01	neutral	neutral	She Was More Like A Beauty Queen From A Movie Scene
song7-02	neutral	neutral	I Said Don't Mind, But What Do You Mean I Am The One
song7-03	neutral	positive	Who Will Dance On The Floor In The Round
song7-04	neutral	positive	She Said I Am The One Who Will Dance On The Floor In The Round
song7-05	neutral	neutral	She Told Me Her Name Was Billie Jean, As She Caused A Scene
song7-06	neutral	neutral	Then Every Head Turned With Eyes That Dreamed Of Being The One
song7-07	neutral	positive	Who Will Dance On The Floor In The Round
song7-08	negative	positive	People Always Told Me Be Careful Of What You Do
song7-09	negative	neutral	And Don't Go Around Breaking Young Girls' Hearts
song7-10	negative	positive	And Mother Always Told Me Be Careful Of Who You Love
song7-11	negative	positive	And Be Careful Of What You Do 'Cause The Lie Becomes The Truth
song7-12	negative	neutral	Billie Jean Is Not My Lover
song7-13	negative	neutral	She's Just A Girl Who Claims That I Am The One
song7-14	negative	neutral	But The Kid Is Not My Son
song7-15	negative	neutral	She Says I Am The One, But The Kid Is Not My Son
song7-16	negative	neutral	For Forty Days And Forty Nights
song7-17	negative	neutral	The Law Was On Her Side
song7-18	negative	negative	But Who Can Stand When She's In Demand
song7-19	negative	negative	Her Schemes And Plans
song7-20	positive	positive	Cause We Danced On The Floor In The Round
song7-21	negative	neutral	So Take My Strong Advice, Just Remember To Always Think Twice
song7-22	negative	neutral	(Do Think Twice)
song7-23	negative	negative	She Told My Baby That's A Threat
song7-24	negative	neutral	As She Looked At Me
song7-25	negative	neutral	Then Showed A Photo Of A Baby Cries
song7-26	neutral	neutral	Eyes Would Like Mine
song7-27	neutral	neutral	Go On Dance On The Floor In The Round, Baby
song7-28	negative	positive	People Always Told Me Be Careful Of What You Do
song7-29	negative	neutral	And Don't Go Around Breaking Young Girls' Hearts
song7-30	positive	neutral	She Came And Stood Right By Me
song7-31	positive	neutral	Then The Smell Of Sweet Perfume
song7-32	neutral	neutral	This Happened Much Too Soon
song7-33	neutral	neutral	She Called Me To Her Room
song7-34	negative	neutral	Billie Jean Is Not My Lover
song7-35	negative	neutral	She's Just A Girl Who Claims That I Am The One
song7-36	negative	neutral	But The Kid Is Not My Son
song7-37	negative	neutral	Billie Jean Is Not My Lover
song7-38	negative	neutral	She's Just A Girl Who Claims That I Am The One
song7-39	negative	neutral	But The Kid Is Not My Son
song7-40	negative	neutral	She Says I Am The One, But The Kid Is Not My Son
song7-41	negative	neutral	She Says I Am The One, But The Kid Is Not My Son
song7-42	negative	neutral	Billie Jean Is Not My Lover
song7-43	negative	neutral	She's Just A Girl Who Claims That I Am The One
song7-44	negative	neutral	But The Kid Is Not My Son
song7-45	negative	neutral	She Says I Am The One, But The Kid Is Not My Son
song7-46	negative	neutral	She Says I Am The One, She Says He Is My Son
song7-47	negative	neutral	She Says I Am The One
song7-48	negative	neutral	Billie Jean Is Not My Lover
song7-49	negative	neutral	Billie Jean Is Not My Lover
song7-50	negative	neutral	Billie Jean Is Not My Lover
song7-51	negative	neutral	Billie Jean Is Not My Lover
song7-52	negative	neutral	Billie Jean Is Not My Lover
song7-53	negative	neutral	Billie Jean Is Not My Lover
song8-01	neutral	neutral	Aah
song8-02	negative	negative	Buddy you're a boy make a big noise
song8-03	negative	neutral	Playin' in the street gonna be a big man some day
song8-04	negative	negative	You got mud on yo' face
song8-05	negative	negative	You big disgrace
song8-06	negative	neutral	Kickin' your can all over the place
song8-07	positive	neutral	Singin'
song8-08	positive	positive	We will we will rock you
song8-09	positive	positive	We will we will rock you
song8-10	negative	positive	Buddy you're a young man hard man
song8-11	negative	neutral	Shouting in the street gonna take on the world some day
song8-12	negative	neutral	You got blood on yo' face
song8-13	negative	negative	You big disgrace
song8-14	negative	neutral	Wavin' your banner all over the place
song8-15	positive	positive	We will we will rock you
song8-16	positive	positive	Sing it
song8-17	positive	positive	We will we will rock you
song8-18	negative	neutral	Buddy you're an old man poor man
song8-19	negative	neutral	Pleadin' with your eyes gonna make
song8-20	negative	positive	You some peace some day
song8-21	negative	negative	You got mud on your face
song8-22	negative	negative	Big disgrace
song8-23	negative	neutral	Somebody betta put you back into your place
song8-24	positive	positive	We will we will rock you
song8-25	positive	positive	Sing it
song8-26	positive	positive	We will we will rock you
song8-27	neutral	neutral	Everybody
song8-28	positive	positive	We will we will rock you
song8-29	positive	positive	We will we will rock you
song8-30	neutral	neutral	Alright
song9-01	positive	positive	She's got a smile that it seems to me
song9-02	positive	positive	Reminds me of childhood memories
song9-03	positive	neutral	Where everything
song9-04	positive	positive	Was as fresh as the bright blue sky
song9-05	positive	neutral	Now and then when I see her face
song9-06	positive	neutral	She takes me away to that
song9-07	positive	positive	special place
song9-08	negative	neutral	And if I stared too long
song9-09	negative	negative	I'd probably break down and cry
song9-10	positive	positive	Sweet child o' mine
song9-11	positive	positive	Sweet love of mine
song9-12	positive	positive	She's got eyes of the bluest skies
song9-13	negative	neutral	As if they thought of rain
song9-14	negative	negative	I hate to look into those eyes
song9-15	negative	negative	And see an ounce of pain
song9-16	positive	neutral	Her hair reminds me
song9-17	positive	positive	of a warm safe place
song9-18	negative	positive	Where as a child I'd hide
song9-19	negative	positive	And pray for the thunder
song9-20	negative	neutral	And the rain
song9-21	negative	neutral	To quietly pass me by
song9-22	positive	positive	Sweet child o' mine
song9-23	positive	positive	Sweet love of mine
song9-24	positive	neutral	Where do we go
song9-25	positive	neutral	Where do we go now
song9-26	positive	neutral	Where do we go
song9-27	positive	positive	Sweet child o' mine
song10-01	neutral	neutral	YOU
song10-02	neutral	neutral	YOU HAVE
song10-03	neutral	neutral	YOU GOT ME
song10-04	neutral	neutral	YOU ASKED ME
song10-05	negative	neutral	YOU ASKED ME AND I DID NOT SAY ANYTHING
song10-06	negative	negative	WILL YOU UNTIL DEATH DO YOU PART
song10-07	negative	neutral	BE FAITHFUL TO HER FOR ALL DAYS
song10-08	negative	neutral	NO
song10-09	negative	negative	DO YOU WANT, UNTIL DEATH SEPARATES YOU
song10-10	negative	neutral	THEY LOVE EVEN IN BAD DAYS
song10-11	negative	neutral	NO
